kernel,config_id,src_gpu,tgt_gpu,T_src_ms,T_tgt_true_ms,T_tgt_pred_ms,ratio_pred_over_true,abs_rel_error
atomic_hotspot,atomic_hotspot|N=1048576|rows=0|cols=0|block=256|iters=50,NVIDIA GeForce RTX 4070,NVIDIA TITAN V,1.452348,1.940831,1.0643884391539595,0.5484189190887613,0.4515810809112388
atomic_hotspot,atomic_hotspot|N=1048576|rows=0|cols=0|block=256|iters=50,NVIDIA TITAN V,NVIDIA GeForce RTX 4070,1.940831,1.452348,2.6482456192670814,1.8234236004504991,0.823423600450499
atomic_hotspot,atomic_hotspot|N=262144|rows=0|cols=0|block=256|iters=50,NVIDIA GeForce RTX 4070,NVIDIA TITAN V,0.364914,0.486523,0.2674360710280374,0.5496884443860566,0.4503115556139434
atomic_hotspot,atomic_hotspot|N=262144|rows=0|cols=0|block=256|iters=50,NVIDIA TITAN V,NVIDIA GeForce RTX 4070,0.486523,0.364914,0.6638560510537383,1.8192123378487488,0.8192123378487488
atomic_hotspot,atomic_hotspot|N=4194304|rows=0|cols=0|block=256|iters=50,NVIDIA GeForce RTX 4070,NVIDIA TITAN V,5.802797,7.757505,4.2527204509919665,0.5482072458853673,0.45179275411463266
atomic_hotspot,atomic_hotspot|N=4194304|rows=0|cols=0|block=256|iters=50,NVIDIA TITAN V,NVIDIA GeForce RTX 4070,7.757505,5.802797,10.585042506376125,1.824127658847298,0.8241276588472981
conv2d_3x3,conv2d_3x3|N=0|rows=1024|cols=1024|block=256|iters=0,NVIDIA GeForce RTX 2080 Ti,NVIDIA GeForce RTX 4070,0.000154,0.017915,0.00018643102599668886,0.010406420652899182,0.9895935793471009
conv2d_3x3,conv2d_3x3|N=0|rows=1024|cols=1024|block=256|iters=0,NVIDIA GeForce RTX 2080 Ti,NVIDIA TITAN V,0.000154,0.018661,0.00013663049680275453,0.007321713563193533,0.9926782864368066
conv2d_3x3,conv2d_3x3|N=0|rows=1024|cols=1024|block=256|iters=0,NVIDIA GeForce RTX 2080 Ti,NVIDIA GeForce GTX TITAN X,0.000154,0.06722,0.00032496564364543933,0.0048343594710716946,0.9951656405289283
conv2d_3x3,conv2d_3x3|N=0|rows=1024|cols=1024|block=256|iters=0,NVIDIA GeForce RTX 4070,NVIDIA GeForce RTX 2080 Ti,0.017915,0.000154,0.014798556116131659,96.09452023462116,95.09452023462116
conv2d_3x3,conv2d_3x3|N=0|rows=1024|cols=1024|block=256|iters=0,NVIDIA GeForce RTX 4070,NVIDIA TITAN V,0.017915,0.018661,0.013129442039678642,0.7035765521504015,0.2964234478495985
conv2d_3x3,conv2d_3x3|N=0|rows=1024|cols=1024|block=256|iters=0,NVIDIA GeForce RTX 4070,NVIDIA GeForce GTX TITAN X,0.017915,0.06722,0.031227417618843355,0.46455545401433135,0.5354445459856686
conv2d_3x3,conv2d_3x3|N=0|rows=1024|cols=1024|block=256|iters=0,NVIDIA TITAN V,NVIDIA GeForce RTX 2080 Ti,0.018661,0.000154,0.021033327604368792,136.58004937901813,135.5800493790181
conv2d_3x3,conv2d_3x3|N=0|rows=1024|cols=1024|block=256|iters=0,NVIDIA TITAN V,NVIDIA GeForce RTX 4070,0.018661,0.017915,0.025462758736408783,1.4213094466318048,0.4213094466318048
conv2d_3x3,conv2d_3x3|N=0|rows=1024|cols=1024|block=256|iters=0,NVIDIA TITAN V,NVIDIA GeForce GTX TITAN X,0.018661,0.06722,0.04438382365557851,0.660277055274896,0.339722944725104
conv2d_3x3,conv2d_3x3|N=0|rows=1024|cols=1024|block=256|iters=0,NVIDIA GeForce GTX TITAN X,NVIDIA GeForce RTX 2080 Ti,0.06722,0.000154,0.03185530594518675,206.85263600770617,205.85263600770614
conv2d_3x3,conv2d_3x3|N=0|rows=1024|cols=1024|block=256|iters=0,NVIDIA GeForce GTX TITAN X,NVIDIA GeForce RTX 4070,0.06722,0.017915,0.03856374916103628,2.1525955434572306,1.1525955434572304
conv2d_3x3,conv2d_3x3|N=0|rows=1024|cols=1024|block=256|iters=0,NVIDIA GeForce GTX TITAN X,NVIDIA TITAN V,0.06722,0.018661,0.028262378422692247,1.5145157506399574,0.5145157506399575
conv2d_3x3,conv2d_3x3|N=0|rows=2048|cols=2048|block=256|iters=0,NVIDIA GeForce RTX 4070,NVIDIA TITAN V,0.065357,0.065932,0.04789846181341204,0.7264827672967912,0.27351723270320877
conv2d_3x3,conv2d_3x3|N=0|rows=2048|cols=2048|block=256|iters=0,NVIDIA GeForce RTX 4070,NVIDIA GeForce GTX TITAN X,0.065357,0.067206,0.11392298818390986,1.695131211259558,0.695131211259558
conv2d_3x3,conv2d_3x3|N=0|rows=2048|cols=2048|block=256|iters=0,NVIDIA TITAN V,NVIDIA GeForce RTX 4070,0.065932,0.065357,0.08996359300192404,1.3764951420953233,0.37649514209532325
conv2d_3x3,conv2d_3x3|N=0|rows=2048|cols=2048|block=256|iters=0,NVIDIA TITAN V,NVIDIA GeForce GTX TITAN X,0.065932,0.067206,0.1568144398081348,2.3333398775129424,1.3333398775129424
conv2d_3x3,conv2d_3x3|N=0|rows=2048|cols=2048|block=256|iters=0,NVIDIA GeForce GTX TITAN X,NVIDIA GeForce RTX 4070,0.067206,0.065357,0.03855571743702179,0.5899248349376776,0.41007516506232244
conv2d_3x3,conv2d_3x3|N=0|rows=2048|cols=2048|block=256|iters=0,NVIDIA GeForce GTX TITAN X,NVIDIA TITAN V,0.067206,0.065932,0.02825649217904574,0.4285702265826266,0.5714297734173733
conv2d_3x3,conv2d_3x3|N=0|rows=3072|cols=3072|block=256|iters=0,NVIDIA GeForce RTX 4070,NVIDIA TITAN V,0.177379,0.149237,0.12999650011477296,0.8710741981865955,0.12892580181340452
conv2d_3x3,conv2d_3x3|N=0|rows=3072|cols=3072|block=256|iters=0,NVIDIA TITAN V,NVIDIA GeForce RTX 4070,0.149237,0.177379,0.20363248087162733,1.1480078299664973,0.14800782996649728
conv2d_3x3,conv2d_3x3|N=0|rows=512|cols=512|block=256|iters=0,NVIDIA GeForce RTX 4070,NVIDIA TITAN V,0.010088,0.005599,0.0073932353500573865,1.3204563940091778,0.32045639400917786
conv2d_3x3,conv2d_3x3|N=0|rows=512|cols=512|block=256|iters=0,NVIDIA GeForce RTX 4070,NVIDIA GeForce GTX TITAN X,0.010088,0.067216,0.017584269547244864,0.2616083900744594,0.7383916099255406
conv2d_3x3,conv2d_3x3|N=0|rows=512|cols=512|block=256|iters=0,NVIDIA TITAN V,NVIDIA GeForce RTX 4070,0.005599,0.010088,0.007639782764329499,0.7573139139898394,0.24268608601016065
conv2d_3x3,conv2d_3x3|N=0|rows=512|cols=512|block=256|iters=0,NVIDIA TITAN V,NVIDIA GeForce GTX TITAN X,0.005599,0.067216,0.013316811995476349,0.1981196738198695,0.8018803261801304
conv2d_3x3,conv2d_3x3|N=0|rows=512|cols=512|block=256|iters=0,NVIDIA GeForce GTX TITAN X,NVIDIA GeForce RTX 4070,0.067216,0.010088,0.03856145438274643,3.822507373388821,2.822507373388821
conv2d_3x3,conv2d_3x3|N=0|rows=512|cols=512|block=256|iters=0,NVIDIA GeForce GTX TITAN X,NVIDIA TITAN V,0.067216,0.005599,0.028260696638793246,5.0474543023384975,4.0474543023384975
conv2d_7x7,conv2d_7x7|N=0|rows=1024|cols=1024|block=256|iters=0,NVIDIA GeForce RTX 2080 Ti,NVIDIA GeForce RTX 4070,0.000171,0.07795,0.00020701107432099874,0.0026556904980243583,0.9973443095019756
conv2d_7x7,conv2d_7x7|N=0|rows=1024|cols=1024|block=256|iters=0,NVIDIA GeForce RTX 2080 Ti,NVIDIA TITAN V,0.000171,0.05897,0.00020228411214953272,0.003430288488206422,0.9965697115117936
conv2d_7x7,conv2d_7x7|N=0|rows=1024|cols=1024|block=256|iters=0,NVIDIA GeForce RTX 2080 Ti,NVIDIA GeForce GTX TITAN X,0.000171,0.267814,0.00048111796591662455,0.0017964630897437197,0.9982035369102563
conv2d_7x7,conv2d_7x7|N=0|rows=1024|cols=1024|block=256|iters=0,NVIDIA GeForce RTX 4070,NVIDIA GeForce RTX 2080 Ti,0.07795,0.000171,0.06439003344976069,376.54990321497473,375.54990321497473
conv2d_7x7,conv2d_7x7|N=0|rows=1024|cols=1024|block=256|iters=0,NVIDIA GeForce RTX 4070,NVIDIA TITAN V,0.07795,0.05897,0.07617006285183364,1.2916747982335703,0.2916747982335703
conv2d_7x7,conv2d_7x7|N=0|rows=1024|cols=1024|block=256|iters=0,NVIDIA GeForce RTX 4070,NVIDIA GeForce GTX TITAN X,0.07795,0.267814,0.18116492350089042,0.6764580025722718,0.3235419974277281
conv2d_7x7,conv2d_7x7|N=0|rows=1024|cols=1024|block=256|iters=0,NVIDIA TITAN V,NVIDIA GeForce RTX 2080 Ti,0.05897,0.000171,0.04985003465099518,291.520670473656,290.520670473656
conv2d_7x7,conv2d_7x7|N=0|rows=1024|cols=1024|block=256|iters=0,NVIDIA TITAN V,NVIDIA GeForce RTX 4070,0.05897,0.07795,0.06034800718152937,0.7741886745545782,0.22581132544542187
conv2d_7x7,conv2d_7x7|N=0|rows=1024|cols=1024|block=256|iters=0,NVIDIA TITAN V,NVIDIA GeForce GTX TITAN X,0.05897,0.267814,0.14025583200093591,0.5237061244032647,0.47629387559673536
conv2d_7x7,conv2d_7x7|N=0|rows=1024|cols=1024|block=256|iters=0,NVIDIA GeForce GTX TITAN X,NVIDIA GeForce RTX 2080 Ti,0.267814,0.000171,0.09518703778344514,556.649343762837,555.649343762837
conv2d_7x7,conv2d_7x7|N=0|rows=1024|cols=1024|block=256|iters=0,NVIDIA GeForce GTX TITAN X,NVIDIA GeForce RTX 4070,0.267814,0.07795,0.11523257867242381,1.4782883729624605,0.47828837296246063
conv2d_7x7,conv2d_7x7|N=0|rows=1024|cols=1024|block=256|iters=0,NVIDIA GeForce GTX TITAN X,NVIDIA TITAN V,0.267814,0.05897,0.11260131828168554,1.9094678358773196,0.9094678358773196
conv2d_7x7,conv2d_7x7|N=0|rows=2048|cols=2048|block=256|iters=0,NVIDIA GeForce RTX 4070,NVIDIA TITAN V,0.30442,0.223973,0.2974687688692135,1.32814566429531,0.32814566429531
conv2d_7x7,conv2d_7x7|N=0|rows=2048|cols=2048|block=256|iters=0,NVIDIA GeForce RTX 4070,NVIDIA GeForce GTX TITAN X,0.30442,0.267808,0.7075077102263125,2.641846809006126,1.6418468090061258
conv2d_7x7,conv2d_7x7|N=0|rows=2048|cols=2048|block=256|iters=0,NVIDIA TITAN V,NVIDIA GeForce RTX 4070,0.223973,0.30442,0.22920678671305203,0.7529294616419815,0.24707053835801848
conv2d_7x7,conv2d_7x7|N=0|rows=2048|cols=2048|block=256|iters=0,NVIDIA TITAN V,NVIDIA GeForce GTX TITAN X,0.223973,0.267808,0.5327033993682485,1.989124295645569,0.9891242956455689
conv2d_7x7,conv2d_7x7|N=0|rows=2048|cols=2048|block=256|iters=0,NVIDIA GeForce GTX TITAN X,NVIDIA GeForce RTX 4070,0.267808,0.30442,0.11522999704684773,0.3785230833941519,0.6214769166058481
conv2d_7x7,conv2d_7x7|N=0|rows=2048|cols=2048|block=256|iters=0,NVIDIA GeForce GTX TITAN X,NVIDIA TITAN V,0.267808,0.223973,0.11259879560583702,0.5027337920456351,0.49726620795436494
conv2d_7x7,conv2d_7x7|N=0|rows=3072|cols=3072|block=256|iters=0,NVIDIA GeForce RTX 4070,NVIDIA TITAN V,0.686512,0.503433,0.6708359485380118,1.332522795561697,0.33252279556169684
conv2d_7x7,conv2d_7x7|N=0|rows=3072|cols=3072|block=256|iters=0,NVIDIA TITAN V,NVIDIA GeForce RTX 4070,0.503433,0.686512,0.5151971900868048,0.7504562048249772,0.2495437951750228
conv2d_7x7,conv2d_7x7|N=0|rows=512|cols=512|block=256|iters=0,NVIDIA GeForce RTX 4070,NVIDIA TITAN V,0.021526,0.016892,0.021034467901841835,1.2452325303008427,0.24523253030084266
conv2d_7x7,conv2d_7x7|N=0|rows=512|cols=512|block=256|iters=0,NVIDIA GeForce RTX 4070,NVIDIA GeForce GTX TITAN X,0.021526,0.267814,0.05002894346735301,0.18680481030623122,0.8131951896937688
conv2d_7x7,conv2d_7x7|N=0|rows=512|cols=512|block=256|iters=0,NVIDIA TITAN V,NVIDIA GeForce RTX 4070,0.016892,0.021526,0.0172867311736543,0.8030628622899888,0.1969371377100112
conv2d_7x7,conv2d_7x7|N=0|rows=512|cols=512|block=256|iters=0,NVIDIA TITAN V,NVIDIA GeForce GTX TITAN X,0.016892,0.267814,0.040176386538236554,0.15001600565406048,0.8499839943459395
conv2d_7x7,conv2d_7x7|N=0|rows=512|cols=512|block=256|iters=0,NVIDIA GeForce GTX TITAN X,NVIDIA GeForce RTX 4070,0.267814,0.021526,0.11523257867242381,5.353181207489724,4.353181207489724
conv2d_7x7,conv2d_7x7|N=0|rows=512|cols=512|block=256|iters=0,NVIDIA GeForce GTX TITAN X,NVIDIA TITAN V,0.267814,0.016892,0.11260131828168554,6.665955380161351,5.665955380161351
dot_product,dot_product|N=1048576|rows=0|cols=0|block=256|iters=0,NVIDIA GeForce RTX 2080 Ti,NVIDIA GeForce RTX 4070,0.000141,0.014528,0.0001706933419839814,0.011749266381055988,0.9882507336189441
dot_product,dot_product|N=1048576|rows=0|cols=0|block=256|iters=0,NVIDIA GeForce RTX 2080 Ti,NVIDIA TITAN V,0.000141,0.016985,0.00012509675356615842,0.007365131207898641,0.9926348687921013
dot_product,dot_product|N=1048576|rows=0|cols=0|block=256|iters=0,NVIDIA GeForce RTX 2080 Ti,NVIDIA GeForce GTX TITAN X,0.000141,0.045515,0.000297533478922123,0.006537042270067516,0.9934629577299325
dot_product,dot_product|N=1048576|rows=0|cols=0|block=256|iters=0,NVIDIA GeForce RTX 4070,NVIDIA GeForce RTX 2080 Ti,0.014528,0.000141,0.012000749274639167,85.1116969832565,84.1116969832565
dot_product,dot_product|N=1048576|rows=0|cols=0|block=256|iters=0,NVIDIA GeForce RTX 4070,NVIDIA TITAN V,0.014528,0.016985,0.010647196983111987,0.626858815608595,0.3731411843914049
dot_product,dot_product|N=1048576|rows=0|cols=0|block=256|iters=0,NVIDIA GeForce RTX 4070,NVIDIA GeForce GTX TITAN X,0.014528,0.045515,0.025323579300393865,0.5563787608567256,0.4436212391432744
dot_product,dot_product|N=1048576|rows=0|cols=0|block=256|iters=0,NVIDIA TITAN V,NVIDIA GeForce RTX 2080 Ti,0.016985,0.000141,0.019144261795198757,135.77490634892735,134.77490634892735
dot_product,dot_product|N=1048576|rows=0|cols=0|block=256|iters=0,NVIDIA TITAN V,NVIDIA GeForce RTX 4070,0.016985,0.014528,0.023175872522260506,1.5952555425564776,0.5952555425564776
dot_product,dot_product|N=1048576|rows=0|cols=0|block=256|iters=0,NVIDIA TITAN V,NVIDIA GeForce GTX TITAN X,0.016985,0.045515,0.0403975802363218,0.8875663020173964,0.11243369798260358
dot_product,dot_product|N=1048576|rows=0|cols=0|block=256|iters=0,NVIDIA GeForce GTX TITAN X,NVIDIA GeForce RTX 2080 Ti,0.045515,0.000141,0.021569387832418546,152.97438179020244,151.97438179020244
dot_product,dot_product|N=1048576|rows=0|cols=0|block=256|iters=0,NVIDIA GeForce GTX TITAN X,NVIDIA GeForce RTX 4070,0.045515,0.014528,0.026111708465703164,1.7973367611304492,0.7973367611304492
dot_product,dot_product|N=1048576|rows=0|cols=0|block=256|iters=0,NVIDIA GeForce GTX TITAN X,NVIDIA TITAN V,0.045515,0.016985,0.019136598540744384,1.1266763933320214,0.12667639333202146
dot_product,dot_product|N=262144|rows=0|cols=0|block=256|iters=0,NVIDIA GeForce RTX 4070,NVIDIA TITAN V,0.009653,0.004418,0.007074435054927039,1.601275476443422,0.6012754764434222
dot_product,dot_product|N=262144|rows=0|cols=0|block=256|iters=0,NVIDIA GeForce RTX 4070,NVIDIA GeForce GTX TITAN X,0.009653,0.045649,0.01682602636197013,0.3685957274413487,0.6314042725586513
dot_product,dot_product|N=262144|rows=0|cols=0|block=256|iters=0,NVIDIA TITAN V,NVIDIA GeForce RTX 4070,0.004418,0.009653,0.006028319387892074,0.624502163875694,0.375497836124306
dot_product,dot_product|N=262144|rows=0|cols=0|block=256|iters=0,NVIDIA TITAN V,NVIDIA GeForce GTX TITAN X,0.004418,0.045649,0.010507889872479817,0.2301888293824578,0.7698111706175422
dot_product,dot_product|N=262144|rows=0|cols=0|block=256|iters=0,NVIDIA GeForce GTX TITAN X,NVIDIA GeForce RTX 4070,0.045649,0.009653,0.026188583538413353,2.7129994342083656,1.7129994342083659
dot_product,dot_product|N=262144|rows=0|cols=0|block=256|iters=0,NVIDIA GeForce GTX TITAN X,NVIDIA TITAN V,0.045649,0.004418,0.01919293830136088,4.344259461602734,3.3442594616027344
dot_product,dot_product|N=4194304|rows=0|cols=0|block=256|iters=0,NVIDIA GeForce RTX 4070,NVIDIA TITAN V,0.05118,0.056056,0.03750850368912936,0.6691255831513016,0.3308744168486984
dot_product,dot_product|N=4194304|rows=0|cols=0|block=256|iters=0,NVIDIA GeForce RTX 4070,NVIDIA GeForce GTX TITAN X,0.05118,0.045596,0.08921123269508248,1.9565583098316186,0.9565583098316186
dot_product,dot_product|N=4194304|rows=0|cols=0|block=256|iters=0,NVIDIA TITAN V,NVIDIA GeForce RTX 4070,0.056056,0.05118,0.07648788402165646,1.4944877690827756,0.4944877690827756
dot_product,dot_product|N=4194304|rows=0|cols=0|block=256|iters=0,NVIDIA TITAN V,NVIDIA GeForce GTX TITAN X,0.056056,0.045596,0.13332509612759819,2.924052463540622,1.9240524635406218
dot_product,dot_product|N=4194304|rows=0|cols=0|block=256|iters=0,NVIDIA GeForce GTX TITAN X,NVIDIA GeForce RTX 4070,0.045596,0.05118,0.026158177726072745,0.5111015577583576,0.48889844224164236
dot_product,dot_product|N=4194304|rows=0|cols=0|block=256|iters=0,NVIDIA GeForce GTX TITAN X,NVIDIA TITAN V,0.045596,0.056056,0.019170654664699124,0.34199112788459973,0.6580088721154003
dot_product,dot_product|N=8388608|rows=0|cols=0|block=256|iters=0,NVIDIA GeForce RTX 4070,NVIDIA TITAN V,0.146827,0.108007,0.10760572628299724,0.9962847434240116,0.003715256575988318
dot_product,dot_product|N=8388608|rows=0|cols=0|block=256|iters=0,NVIDIA TITAN V,NVIDIA GeForce RTX 4070,0.108007,0.146827,0.14737453420734709,1.0037291111808255,0.0037291111808255453
histogram,histogram|N=1048576|rows=0|cols=0|block=256|iters=0,NVIDIA GeForce RTX 2080 Ti,NVIDIA GeForce RTX 4070,0.000208,0.051404,0.00025180294420332005,0.0048985087581378895,0.9951014912418621
histogram,histogram|N=1048576|rows=0|cols=0|block=256|iters=0,NVIDIA GeForce RTX 2080 Ti,NVIDIA TITAN V,0.000208,0.067764,0.00018453989178553862,0.0027232732982931736,0.997276726701707
histogram,histogram|N=1048576|rows=0|cols=0|block=256|iters=0,NVIDIA GeForce RTX 2080 Ti,NVIDIA GeForce GTX TITAN X,0.000208,0.204392,0.0004389146355730609,0.0021474159241705202,0.9978525840758296
histogram,histogram|N=1048576|rows=0|cols=0|block=256|iters=0,NVIDIA GeForce RTX 4070,NVIDIA GeForce RTX 2080 Ti,0.051404,0.000208,0.04246190223799227,204.1437607595782,203.1437607595782
histogram,histogram|N=1048576|rows=0|cols=0|block=256|iters=0,NVIDIA GeForce RTX 4070,NVIDIA TITAN V,0.051404,0.067764,0.03767266751926545,0.5559392526897091,0.4440607473102909
histogram,histogram|N=1048576|rows=0|cols=0|block=256|iters=0,NVIDIA GeForce RTX 4070,NVIDIA GeForce GTX TITAN X,0.051404,0.204392,0.0896016843583044,0.4383815626751752,0.5616184373248249
histogram,histogram|N=1048576|rows=0|cols=0|block=256|iters=0,NVIDIA TITAN V,NVIDIA GeForce RTX 2080 Ti,0.067764,0.000208,0.07637867272828076,367.2051573475037,366.2051573475037
histogram,histogram|N=1048576|rows=0|cols=0|block=256|iters=0,NVIDIA TITAN V,NVIDIA GeForce RTX 4070,0.067764,0.051404,0.09246333974674482,1.7987576793001483,0.7987576793001484
histogram,histogram|N=1048576|rows=0|cols=0|block=256|iters=0,NVIDIA TITAN V,NVIDIA GeForce GTX TITAN X,0.067764,0.204392,0.16117171781772804,0.7885422023255707,0.21145779767442927
histogram,histogram|N=1048576|rows=0|cols=0|block=256|iters=0,NVIDIA GeForce GTX TITAN X,NVIDIA GeForce RTX 2080 Ti,0.204392,0.000208,0.09686060239138068,465.67597303548405,464.67597303548405
histogram,histogram|N=1048576|rows=0|cols=0|block=256|iters=0,NVIDIA GeForce GTX TITAN X,NVIDIA GeForce RTX 4070,0.204392,0.051404,0.11725858105508075,2.281117832368702,1.2811178323687018
histogram,histogram|N=1048576|rows=0|cols=0|block=256|iters=0,NVIDIA GeForce GTX TITAN X,NVIDIA TITAN V,0.204392,0.067764,0.08593579367109362,1.2681629430242254,0.2681629430242255
histogram,histogram|N=262144|rows=0|cols=0|block=256|iters=0,NVIDIA GeForce RTX 4070,NVIDIA TITAN V,0.014313,0.018964,0.01048962902115101,0.5531337809086168,0.4468662190913832
histogram,histogram|N=262144|rows=0|cols=0|block=256|iters=0,NVIDIA GeForce RTX 4070,NVIDIA GeForce GTX TITAN X,0.014313,0.204587,0.02494881542721211,0.1219472176981534,0.8780527823018466
histogram,histogram|N=262144|rows=0|cols=0|block=256|iters=0,NVIDIA TITAN V,NVIDIA GeForce RTX 4070,0.018964,0.014313,0.025876199382522707,1.807880904249473,0.8078809042494731
histogram,histogram|N=262144|rows=0|cols=0|block=256|iters=0,NVIDIA TITAN V,NVIDIA GeForce GTX TITAN X,0.018964,0.204587,0.04510448699450141,0.22046604620284482,0.7795339537971553
histogram,histogram|N=262144|rows=0|cols=0|block=256|iters=0,NVIDIA GeForce GTX TITAN X,NVIDIA GeForce RTX 4070,0.204587,0.014313,0.11737045149671127,8.20026909080635,7.20026909080635
histogram,histogram|N=262144|rows=0|cols=0|block=256|iters=0,NVIDIA GeForce GTX TITAN X,NVIDIA TITAN V,0.204587,0.018964,0.08601778063616988,4.535845846665781,3.5358458466657807
histogram,histogram|N=4194304|rows=0|cols=0|block=256|iters=0,NVIDIA GeForce RTX 4070,NVIDIA TITAN V,0.199868,0.263057,0.14647810893589114,0.5568303026944394,0.4431696973055606
histogram,histogram|N=4194304|rows=0|cols=0|block=256|iters=0,NVIDIA GeForce RTX 4070,NVIDIA GeForce GTX TITAN X,0.199868,0.204507,0.3483874688608977,1.7035478925459653,0.7035478925459653
histogram,histogram|N=4194304|rows=0|cols=0|block=256|iters=0,NVIDIA TITAN V,NVIDIA GeForce RTX 4070,0.263057,0.199868,0.358938798827688,1.7958792744595833,0.7958792744595833
histogram,histogram|N=4194304|rows=0|cols=0|block=256|iters=0,NVIDIA TITAN V,NVIDIA GeForce GTX TITAN X,0.263057,0.204507,0.6256618348087195,3.0593663532725994,2.0593663532725994
histogram,histogram|N=4194304|rows=0|cols=0|block=256|iters=0,NVIDIA GeForce GTX TITAN X,NVIDIA GeForce RTX 4070,0.204507,0.199868,0.11732455593091413,0.5870102063907886,0.4129897936092114
histogram,histogram|N=4194304|rows=0|cols=0|block=256|iters=0,NVIDIA GeForce GTX TITAN X,NVIDIA TITAN V,0.204507,0.263057,0.08598414495818987,0.32686507090930816,0.6731349290906918
histogram,histogram|N=8388608|rows=0|cols=0|block=256|iters=0,NVIDIA GeForce RTX 4070,NVIDIA TITAN V,0.397565,0.523311,0.2913651478930972,0.5567724505945741,0.4432275494054258
histogram,histogram|N=8388608|rows=0|cols=0|block=256|iters=0,NVIDIA TITAN V,NVIDIA GeForce RTX 4070,0.523311,0.397565,0.7140529305561769,1.7960658774192317,0.7960658774192318
matmul_naive,matmul_naive|N=0|rows=1024|cols=1024|block=256|iters=0,NVIDIA GeForce RTX 4070,NVIDIA TITAN V,1.556023,1.139712,2.6402636340877783,2.3166059794823415,1.3166059794823413
matmul_naive,matmul_naive|N=0|rows=1024|cols=1024|block=256|iters=0,NVIDIA GeForce RTX 4070,NVIDIA GeForce GTX TITAN X,1.556023,0.666831,5.734197624197116,8.599176739229454,7.5991767392294545
matmul_naive,matmul_naive|N=0|rows=1024|cols=1024|block=256|iters=0,NVIDIA TITAN V,NVIDIA GeForce RTX 4070,1.139712,1.556023,0.6716821996409167,0.4316659841409264,0.5683340158590736
matmul_naive,matmul_naive|N=0|rows=1024|cols=1024|block=256|iters=0,NVIDIA TITAN V,NVIDIA GeForce GTX TITAN X,1.139712,0.666831,2.475258060707611,3.7119720899412463,2.7119720899412463
matmul_naive,matmul_naive|N=0|rows=1024|cols=1024|block=256|iters=0,NVIDIA GeForce GTX TITAN X,NVIDIA GeForce RTX 4070,0.666831,1.556023,0.1809502289796442,0.11629020199550019,0.8837097980044999
matmul_naive,matmul_naive|N=0|rows=1024|cols=1024|block=256|iters=0,NVIDIA GeForce GTX TITAN X,NVIDIA TITAN V,0.666831,1.139712,0.3070367913294412,0.2693985772979851,0.7306014227020149
matmul_naive,matmul_naive|N=0|rows=2048|cols=2048|block=256|iters=0,NVIDIA GeForce RTX 4070,NVIDIA TITAN V,12.283375,9.412546,20.842460758204066,2.2143276386860755,1.2143276386860753
matmul_naive,matmul_naive|N=0|rows=2048|cols=2048|block=256|iters=0,NVIDIA GeForce RTX 4070,NVIDIA GeForce GTX TITAN X,12.283375,0.666934,45.266233045477,67.87213284294548,66.87213284294548
matmul_naive,matmul_naive|N=0|rows=2048|cols=2048|block=256|iters=0,NVIDIA TITAN V,NVIDIA GeForce RTX 4070,9.412546,12.283375,5.547225616209458,0.4516043527295599,0.5483956472704401
matmul_naive,matmul_naive|N=0|rows=2048|cols=2048|block=256|iters=0,NVIDIA TITAN V,NVIDIA GeForce GTX TITAN X,9.412546,0.666934,20.442427875008054,30.651350620913092,29.651350620913092
matmul_naive,matmul_naive|N=0|rows=2048|cols=2048|block=256|iters=0,NVIDIA GeForce GTX TITAN X,NVIDIA GeForce RTX 4070,0.666934,12.283375,0.18097817890036608,0.014733587381348048,0.985266412618652
matmul_naive,matmul_naive|N=0|rows=2048|cols=2048|block=256|iters=0,NVIDIA GeForce GTX TITAN X,NVIDIA TITAN V,0.666934,9.412546,0.3070842168233173,0.032624989755515386,0.9673750102444846
matmul_naive,matmul_naive|N=0|rows=256|cols=256|block=256|iters=0,NVIDIA GeForce RTX 4070,NVIDIA TITAN V,0.030181,0.029174,0.05121119465483689,1.755371037733492,0.7553710377334918
matmul_naive,matmul_naive|N=0|rows=256|cols=256|block=256|iters=0,NVIDIA GeForce RTX 4070,NVIDIA GeForce GTX TITAN X,0.030181,0.66763,0.11122188971235848,0.16659210897107454,0.8334078910289255
matmul_naive,matmul_naive|N=0|rows=256|cols=256|block=256|iters=0,NVIDIA TITAN V,NVIDIA GeForce RTX 4070,0.029174,0.030181,0.017193515986779213,0.569680129444989,0.430319870555011
matmul_naive,matmul_naive|N=0|rows=256|cols=256|block=256|iters=0,NVIDIA TITAN V,NVIDIA GeForce GTX TITAN X,0.029174,0.66763,0.06336090052845267,0.09490421420315545,0.9050957857968446
matmul_naive,matmul_naive|N=0|rows=256|cols=256|block=256|iters=0,NVIDIA GeForce GTX TITAN X,NVIDIA GeForce RTX 4070,0.66763,0.030181,0.1811670443840791,6.0026852782902855,5.002685278290285
matmul_naive,matmul_naive|N=0|rows=256|cols=256|block=256|iters=0,NVIDIA GeForce GTX TITAN X,NVIDIA TITAN V,0.66763,0.029174,0.3074046842382475,10.536939886139972,9.536939886139972
matmul_naive,matmul_naive|N=0|rows=512|cols=512|block=256|iters=0,NVIDIA GeForce RTX 2080 Ti,NVIDIA GeForce RTX 4070,0.000182,0.203909,0.00012070384965140953,0.0005919495934530086,0.999408050406547
matmul_naive,matmul_naive|N=0|rows=512|cols=512|block=256|iters=0,NVIDIA GeForce RTX 2080 Ti,NVIDIA TITAN V,0.000182,0.171821,0.00020481058745854997,0.0011919997407682994,0.9988080002592317
matmul_naive,matmul_naive|N=0|rows=512|cols=512|block=256|iters=0,NVIDIA GeForce RTX 2080 Ti,NVIDIA GeForce GTX TITAN X,0.000182,0.666912,0.00044481330154024623,0.0006669745056922746,0.9993330254943078
matmul_naive,matmul_naive|N=0|rows=512|cols=512|block=256|iters=0,NVIDIA GeForce RTX 4070,NVIDIA GeForce RTX 2080 Ti,0.203909,0.000182,0.307458611363077,1689.333029467456,1688.3330294674558
matmul_naive,matmul_naive|N=0|rows=512|cols=512|block=256|iters=0,NVIDIA GeForce RTX 4070,NVIDIA TITAN V,0.203909,0.171821,0.3459932901783617,2.0136845331965345,1.0136845331965343
matmul_naive,matmul_naive|N=0|rows=512|cols=512|block=256|iters=0,NVIDIA GeForce RTX 4070,NVIDIA GeForce GTX TITAN X,0.203909,0.666912,0.7514378022384052,1.1267420622786892,0.12674206227868928
matmul_naive,matmul_naive|N=0|rows=512|cols=512|block=256|iters=0,NVIDIA TITAN V,NVIDIA GeForce RTX 2080 Ti,0.171821,0.000182,0.15268459696366418,838.9263569432097,837.9263569432098
matmul_naive,matmul_naive|N=0|rows=512|cols=512|block=256|iters=0,NVIDIA TITAN V,NVIDIA GeForce RTX 4070,0.171821,0.203909,0.10126164085707791,0.49660211592954656,0.5033978840704535
matmul_naive,matmul_naive|N=0|rows=512|cols=512|block=256|iters=0,NVIDIA TITAN V,NVIDIA GeForce GTX TITAN X,0.171821,0.666912,0.37316560258104015,0.559542492234418,0.440457507765582
matmul_naive,matmul_naive|N=0|rows=512|cols=512|block=256|iters=0,NVIDIA GeForce GTX TITAN X,NVIDIA GeForce RTX 2080 Ti,0.666912,0.000182,0.27287399810146606,1499.3076818761872,1498.307681876187
matmul_naive,matmul_naive|N=0|rows=512|cols=512|block=256|iters=0,NVIDIA GeForce GTX TITAN X,NVIDIA GeForce RTX 4070,0.666912,0.203909,0.18097220901438663,0.8875145727475816,0.11248542725241839
matmul_naive,matmul_naive|N=0|rows=512|cols=512|block=256|iters=0,NVIDIA GeForce GTX TITAN X,NVIDIA TITAN V,0.666912,0.171821,0.3070740871061788,1.7871743681283359,0.7871743681283357
matmul_tiled,matmul_tiled|N=0|rows=1024|cols=1024|block=1024|iters=0,NVIDIA GeForce RTX 4070,NVIDIA TITAN V,6.167926,0.616319,10.46575193010932,16.98106326449342,15.98106326449342
matmul_tiled,matmul_tiled|N=0|rows=1024|cols=1024|block=1024|iters=0,NVIDIA GeForce RTX 4070,NVIDIA GeForce GTX TITAN X,6.167926,0.311291,22.729809659255434,73.01788249340788,72.01788249340788
matmul_tiled,matmul_tiled|N=0|rows=1024|cols=1024|block=1024|iters=0,NVIDIA TITAN V,NVIDIA GeForce RTX 4070,0.616319,6.167926,0.3632237807450393,0.05888912751953239,0.9411108724804677
matmul_tiled,matmul_tiled|N=0|rows=1024|cols=1024|block=1024|iters=0,NVIDIA TITAN V,NVIDIA GeForce GTX TITAN X,0.616319,0.311291,1.3385386595185924,4.299959393360529,3.2999593933605293
matmul_tiled,matmul_tiled|N=0|rows=1024|cols=1024|block=1024|iters=0,NVIDIA GeForce GTX TITAN X,NVIDIA GeForce RTX 4070,0.311291,6.167926,0.08447144438291324,0.013695275264799422,0.9863047247352006
matmul_tiled,matmul_tiled|N=0|rows=1024|cols=1024|block=1024|iters=0,NVIDIA GeForce GTX TITAN X,NVIDIA TITAN V,0.311291,0.616319,0.143331353535953,0.2325603356962109,0.7674396643037891
matmul_tiled,matmul_tiled|N=0|rows=2048|cols=2048|block=1024|iters=0,NVIDIA GeForce RTX 4070,NVIDIA TITAN V,10.141827,4.79071,17.208676871299172,3.592093211924573,2.592093211924573
matmul_tiled,matmul_tiled|N=0|rows=2048|cols=2048|block=1024|iters=0,NVIDIA GeForce RTX 4070,NVIDIA GeForce GTX TITAN X,10.141827,0.311182,37.37428064264999,120.10424974018417,119.10424974018416
matmul_tiled,matmul_tiled|N=0|rows=2048|cols=2048|block=1024|iters=0,NVIDIA TITAN V,NVIDIA GeForce RTX 4070,4.79071,10.141827,2.8233752304457065,0.2783892123623985,0.7216107876376016
matmul_tiled,matmul_tiled|N=0|rows=2048|cols=2048|block=1024|iters=0,NVIDIA TITAN V,NVIDIA GeForce GTX TITAN X,4.79071,0.311182,10.404596550718566,33.43572748654667,32.43572748654667
matmul_tiled,matmul_tiled|N=0|rows=2048|cols=2048|block=1024|iters=0,NVIDIA GeForce GTX TITAN X,NVIDIA GeForce RTX 4070,0.311182,10.141827,0.08444186631146967,0.008326100051940314,0.9916738999480595
matmul_tiled,matmul_tiled|N=0|rows=2048|cols=2048|block=1024|iters=0,NVIDIA GeForce GTX TITAN X,NVIDIA TITAN V,0.311182,4.79071,0.14328116539194813,0.02990812747837964,0.9700918725216203
matmul_tiled,matmul_tiled|N=0|rows=256|cols=256|block=1024|iters=0,NVIDIA GeForce RTX 4070,NVIDIA TITAN V,0.030185,0.016286,0.05121798186462515,3.1449086248695295,2.144908624869529
matmul_tiled,matmul_tiled|N=0|rows=256|cols=256|block=1024|iters=0,NVIDIA GeForce RTX 4070,NVIDIA GeForce GTX TITAN X,0.030185,0.26909,0.11123663036239823,0.4133807661466358,0.5866192338533642
matmul_tiled,matmul_tiled|N=0|rows=256|cols=256|block=1024|iters=0,NVIDIA TITAN V,NVIDIA GeForce RTX 4070,0.016286,0.030185,0.00959805310758505,0.31797426230197284,0.6820257376980271
matmul_tiled,matmul_tiled|N=0|rows=256|cols=256|block=1024|iters=0,NVIDIA TITAN V,NVIDIA GeForce GTX TITAN X,0.016286,0.26909,0.03537038548044081,0.13144444416530088,0.8685555558346991
matmul_tiled,matmul_tiled|N=0|rows=256|cols=256|block=1024|iters=0,NVIDIA GeForce GTX TITAN X,NVIDIA GeForce RTX 4070,0.26909,0.030185,0.07301984628209016,2.4190772331320245,1.4190772331320243
matmul_tiled,matmul_tiled|N=0|rows=256|cols=256|block=1024|iters=0,NVIDIA GeForce GTX TITAN X,NVIDIA TITAN V,0.26909,0.016286,0.12390025385568355,7.607776854702418,6.607776854702418
matmul_tiled,matmul_tiled|N=0|rows=512|cols=512|block=1024|iters=0,NVIDIA GeForce RTX 2080 Ti,NVIDIA GeForce RTX 4070,0.000784,0.168544,0.0007799325669783385,0.004627471562193484,0.9953725284378065
matmul_tiled,matmul_tiled|N=0|rows=512|cols=512|block=1024|iters=0,NVIDIA GeForce RTX 2080 Ti,NVIDIA TITAN V,0.000784,0.095146,0.0013233914881937074,0.013909060687718952,0.9860909393122811
matmul_tiled,matmul_tiled|N=0|rows=512|cols=512|block=1024|iters=0,NVIDIA GeForce RTX 2080 Ti,NVIDIA GeForce GTX TITAN X,0.000784,0.311206,0.0028741782561062055,0.009235613246872507,0.9907643867531275
matmul_tiled,matmul_tiled|N=0|rows=512|cols=512|block=1024|iters=0,NVIDIA GeForce RTX 4070,NVIDIA GeForce RTX 2080 Ti,0.168544,0.000784,0.1694229752604624,216.1007337505898,215.1007337505898
matmul_tiled,matmul_tiled|N=0|rows=512|cols=512|block=1024|iters=0,NVIDIA GeForce RTX 4070,NVIDIA TITAN V,0.168544,0.095146,0.2859858716379453,3.0057582203975506,2.00575822039755
matmul_tiled,matmul_tiled|N=0|rows=512|cols=512|block=1024|iters=0,NVIDIA GeForce RTX 4070,NVIDIA GeForce GTX TITAN X,0.168544,0.311206,0.6211120300745417,1.9958227992858164,0.9958227992858164
matmul_tiled,matmul_tiled|N=0|rows=512|cols=512|block=1024|iters=0,NVIDIA TITAN V,NVIDIA GeForce RTX 2080 Ti,0.095146,0.000784,0.056366135543015845,71.89558104976511,70.89558104976511
matmul_tiled,matmul_tiled|N=0|rows=512|cols=512|block=1024|iters=0,NVIDIA TITAN V,NVIDIA GeForce RTX 4070,0.095146,0.168544,0.0560737050825425,0.33269475675516486,0.6673052432448352
matmul_tiled,matmul_tiled|N=0|rows=512|cols=512|block=1024|iters=0,NVIDIA TITAN V,NVIDIA GeForce GTX TITAN X,0.095146,0.311206,0.2066407157633563,0.6639997807348069,0.33600021926519313
matmul_tiled,matmul_tiled|N=0|rows=512|cols=512|block=1024|iters=0,NVIDIA GeForce GTX TITAN X,NVIDIA GeForce RTX 2080 Ti,0.311206,0.000784,0.08488878637977708,108.27651323951159,107.27651323951159
matmul_tiled,matmul_tiled|N=0|rows=512|cols=512|block=1024|iters=0,NVIDIA GeForce GTX TITAN X,NVIDIA GeForce RTX 4070,0.311206,0.168544,0.08444837891435633,0.5010464858693061,0.4989535141306939
matmul_tiled,matmul_tiled|N=0|rows=512|cols=512|block=1024|iters=0,NVIDIA GeForce GTX TITAN X,NVIDIA TITAN V,0.311206,0.095146,0.14329221599246295,1.5060245937029717,0.5060245937029718
naive_transpose,naive_transpose|N=0|rows=1024|cols=1024|block=256|iters=0,NVIDIA GeForce RTX 4070,NVIDIA TITAN V,0.031663,0.032594,0.023204997114281027,0.7119407594735543,0.2880592405264457
naive_transpose,naive_transpose|N=0|rows=1024|cols=1024|block=256|iters=0,NVIDIA GeForce RTX 4070,NVIDIA GeForce GTX TITAN X,0.031663,0.105726,0.05519138844908941,0.5220228557695308,0.4779771442304692
naive_transpose,naive_transpose|N=0|rows=1024|cols=1024|block=256|iters=0,NVIDIA TITAN V,NVIDIA GeForce RTX 4070,0.032594,0.031663,0.04447420600474294,1.4046112498734467,0.40461124987344665
naive_transpose,naive_transpose|N=0|rows=1024|cols=1024|block=256|iters=0,NVIDIA TITAN V,NVIDIA GeForce GTX TITAN X,0.032594,0.105726,0.07752244511172639,0.7332391759049466,0.26676082409505336
naive_transpose,naive_transpose|N=0|rows=1024|cols=1024|block=256|iters=0,NVIDIA GeForce GTX TITAN X,NVIDIA GeForce RTX 4070,0.105726,0.031663,0.060654432368338625,1.915624936624408,0.915624936624408
naive_transpose,naive_transpose|N=0|rows=1024|cols=1024|block=256|iters=0,NVIDIA GeForce GTX TITAN X,NVIDIA TITAN V,0.105726,0.032594,0.04445207112641417,1.3638114722468604,0.36381147224686045
naive_transpose,naive_transpose|N=0|rows=2048|cols=2048|block=256|iters=0,NVIDIA GeForce RTX 2080 Ti,NVIDIA GeForce RTX 4070,6.8e-05,0.124216,8.232019329723924e-05,0.0006627181143913767,0.9993372818856087
naive_transpose,naive_transpose|N=0|rows=2048|cols=2048|block=256|iters=0,NVIDIA GeForce RTX 2080 Ti,NVIDIA TITAN V,6.8e-05,0.124528,6.033034923757992e-05,0.0004844721607797437,0.9995155278392203
naive_transpose,naive_transpose|N=0|rows=2048|cols=2048|block=256|iters=0,NVIDIA GeForce RTX 2080 Ti,NVIDIA GeForce GTX TITAN X,6.8e-05,0.396715,0.00014349132316811603,0.0003616987589784002,0.9996383012410216
naive_transpose,naive_transpose|N=0|rows=2048|cols=2048|block=256|iters=0,NVIDIA GeForce RTX 4070,NVIDIA GeForce RTX 2080 Ti,0.124216,6.8e-05,0.10260772796658721,1508.9371759792236,1507.9371759792236
naive_transpose,naive_transpose|N=0|rows=2048|cols=2048|block=256|iters=0,NVIDIA GeForce RTX 4070,NVIDIA TITAN V,0.124216,0.124528,0.09103470680439417,0.731038054127539,0.2689619458724611
naive_transpose,naive_transpose|N=0|rows=2048|cols=2048|block=256|iters=0,NVIDIA GeForce RTX 4070,NVIDIA GeForce GTX TITAN X,0.124216,0.396715,0.21651939195881917,0.5457807039280571,0.4542192960719429
naive_transpose,naive_transpose|N=0|rows=2048|cols=2048|block=256|iters=0,NVIDIA TITAN V,NVIDIA GeForce RTX 2080 Ti,0.124528,6.8e-05,0.14035894217441924,2064.102090800283,2063.102090800283
naive_transpose,naive_transpose|N=0|rows=2048|cols=2048|block=256|iters=0,NVIDIA TITAN V,NVIDIA GeForce RTX 4070,0.124528,0.124216,0.16991728309991497,1.3679178455264618,0.3679178455264618
naive_transpose,naive_transpose|N=0|rows=2048|cols=2048|block=256|iters=0,NVIDIA TITAN V,NVIDIA GeForce GTX TITAN X,0.124528,0.396715,0.29618074016300744,0.7465831646471837,0.2534168353528164
naive_transpose,naive_transpose|N=0|rows=2048|cols=2048|block=256|iters=0,NVIDIA GeForce GTX TITAN X,NVIDIA GeForce RTX 2080 Ti,0.396715,6.8e-05,0.1880017509378869,2764.7316314395134,2763.731631439513
naive_transpose,naive_transpose|N=0|rows=2048|cols=2048|block=256|iters=0,NVIDIA GeForce GTX TITAN X,NVIDIA GeForce RTX 4070,0.396715,0.124216,0.22759324231509237,1.8322377335857891,0.8322377335857891
naive_transpose,naive_transpose|N=0|rows=2048|cols=2048|block=256|iters=0,NVIDIA GeForce GTX TITAN X,NVIDIA TITAN V,0.396715,0.124528,0.16679722487292997,1.3394355074596072,0.33943550745960727
naive_transpose,naive_transpose|N=0|rows=3072|cols=3072|block=256|iters=0,NVIDIA GeForce RTX 4070,NVIDIA TITAN V,0.341242,0.279024,0.250087471979013,0.8962937667692134,0.10370623323078662
naive_transpose,naive_transpose|N=0|rows=3072|cols=3072|block=256|iters=0,NVIDIA TITAN V,NVIDIA GeForce RTX 4070,0.279024,0.341242,0.3807256199382523,1.115705628082863,0.115705628082863
naive_transpose,naive_transpose|N=0|rows=512|cols=512|block=256|iters=0,NVIDIA GeForce RTX 4070,NVIDIA TITAN V,0.009424,0.010087,0.0069066068535825545,0.6847037626234316,0.3152962373765684
naive_transpose,naive_transpose|N=0|rows=512|cols=512|block=256|iters=0,NVIDIA GeForce RTX 4070,NVIDIA GeForce GTX TITAN X,0.009424,0.028022,0.016426859259836994,0.5862129491055954,0.4137870508944046
naive_transpose,naive_transpose|N=0|rows=512|cols=512|block=256|iters=0,NVIDIA TITAN V,NVIDIA GeForce RTX 4070,0.010087,0.009424,0.013763616492907959,1.4604856210640873,0.46048562106408725
naive_transpose,naive_transpose|N=0|rows=512|cols=512|block=256|iters=0,NVIDIA TITAN V,NVIDIA GeForce GTX TITAN X,0.010087,0.028022,0.023991191748235385,0.8561555830502957,0.14384441694970426
naive_transpose,naive_transpose|N=0|rows=512|cols=512|block=256|iters=0,NVIDIA GeForce GTX TITAN X,NVIDIA GeForce RTX 4070,0.028022,0.009424,0.016076069309588794,1.705864739981833,0.705864739981833
naive_transpose,naive_transpose|N=0|rows=512|cols=512|block=256|iters=0,NVIDIA GeForce GTX TITAN X,NVIDIA TITAN V,0.028022,0.010087,0.01178173710444335,1.1680120059922028,0.1680120059922028
random_access,random_access|N=1048576|rows=0|cols=0|block=256|iters=0,NVIDIA GeForce RTX 2080 Ti,NVIDIA GeForce RTX 4070,0.000154,0.009324,0.00018643102599668886,0.01999474753289241,0.9800052524671077
random_access,random_access|N=1048576|rows=0|cols=0|block=256|iters=0,NVIDIA GeForce RTX 2080 Ti,NVIDIA TITAN V,0.000154,0.017387,0.00013663049680275456,0.007858198470279782,0.9921418015297202
random_access,random_access|N=1048576|rows=0|cols=0|block=256|iters=0,NVIDIA GeForce RTX 2080 Ti,NVIDIA GeForce GTX TITAN X,0.000154,0.036018,0.00032496564364543933,0.009022312278456308,0.9909776877215437
random_access,random_access|N=1048576|rows=0|cols=0|block=256|iters=0,NVIDIA GeForce RTX 4070,NVIDIA GeForce RTX 2080 Ti,0.009324,0.000154,0.007702022731052836,50.01313461722621,49.01313461722621
random_access,random_access|N=1048576|rows=0|cols=0|block=256|iters=0,NVIDIA GeForce RTX 4070,NVIDIA TITAN V,0.009324,0.017387,0.006833319429414659,0.3930131379429838,0.6069868620570162
random_access,random_access|N=1048576|rows=0|cols=0|block=256|iters=0,NVIDIA GeForce RTX 4070,NVIDIA GeForce GTX TITAN X,0.009324,0.036018,0.016252550481612917,0.45123411854108825,0.5487658814589117
random_access,random_access|N=1048576|rows=0|cols=0|block=256|iters=0,NVIDIA TITAN V,NVIDIA GeForce RTX 2080 Ti,0.017387,0.000154,0.0195973670787825,127.25563038170453,126.25563038170452
random_access,random_access|N=1048576|rows=0|cols=0|block=256|iters=0,NVIDIA TITAN V,NVIDIA GeForce RTX 4070,0.017387,0.009324,0.023724397735916593,2.544444201621256,1.544444201621256
random_access,random_access|N=1048576|rows=0|cols=0|block=256|iters=0,NVIDIA TITAN V,NVIDIA GeForce GTX TITAN X,0.017387,0.036018,0.04135370783449674,1.1481400364955505,0.1481400364955505
random_access,random_access|N=1048576|rows=0|cols=0|block=256|iters=0,NVIDIA GeForce GTX TITAN X,NVIDIA GeForce RTX 2080 Ti,0.036018,0.000154,0.017068795143316516,110.83633209945789,109.83633209945789
random_access,random_access|N=1048576|rows=0|cols=0|block=256|iters=0,NVIDIA GeForce GTX TITAN X,NVIDIA GeForce RTX 4070,0.036018,0.009324,0.02066333111101168,2.2161444778004804,1.2161444778004802
random_access,random_access|N=1048576|rows=0|cols=0|block=256|iters=0,NVIDIA GeForce GTX TITAN X,NVIDIA TITAN V,0.036018,0.017387,0.015143623118544025,0.8709738953553819,0.12902610464461806
random_access,random_access|N=262144|rows=0|cols=0|block=256|iters=0,NVIDIA GeForce RTX 4070,NVIDIA TITAN V,0.008575,0.003961,0.006284396622397116,1.5865681955054571,0.5865681955054571
random_access,random_access|N=262144|rows=0|cols=0|block=256|iters=0,NVIDIA GeForce RTX 4070,NVIDIA GeForce GTX TITAN X,0.008575,0.036032,0.014946977732714582,0.4148250924931889,0.5851749075068111
random_access,random_access|N=262144|rows=0|cols=0|block=256|iters=0,NVIDIA TITAN V,NVIDIA GeForce RTX 4070,0.003961,0.008575,0.005404747192268111,0.6302912177572142,0.36970878224278586
random_access,random_access|N=262144|rows=0|cols=0|block=256|iters=0,NVIDIA TITAN V,NVIDIA GeForce GTX TITAN X,0.003961,0.036032,0.009420948796942637,0.261460612703781,0.738539387296219
random_access,random_access|N=262144|rows=0|cols=0|block=256|iters=0,NVIDIA GeForce GTX TITAN X,NVIDIA GeForce RTX 4070,0.036032,0.008575,0.020671362835026175,2.4106545580205454,1.4106545580205454
random_access,random_access|N=262144|rows=0|cols=0|block=256|iters=0,NVIDIA GeForce GTX TITAN X,NVIDIA TITAN V,0.036032,0.003961,0.015149509362190524,3.824667852105661,2.824667852105661
random_access,random_access|N=4194304|rows=0|cols=0|block=256|iters=0,NVIDIA GeForce RTX 4070,NVIDIA TITAN V,0.026545,0.060557,0.019454146745368096,0.32125347598738535,0.6787465240126147
random_access,random_access|N=4194304|rows=0|cols=0|block=256|iters=0,NVIDIA GeForce RTX 4070,NVIDIA GeForce GTX TITAN X,0.026545,0.036028,0.046270265179581174,1.2842862545681464,0.2842862545681464
random_access,random_access|N=4194304|rows=0|cols=0|block=256|iters=0,NVIDIA TITAN V,NVIDIA GeForce RTX 4070,0.060557,0.026545,0.08262945612779095,3.112806785752155,2.112806785752155
random_access,random_access|N=4194304|rows=0|cols=0|block=256|iters=0,NVIDIA TITAN V,NVIDIA GeForce GTX TITAN X,0.060557,0.036028,0.1440303954295519,3.997734968067945,2.9977349680679444
random_access,random_access|N=4194304|rows=0|cols=0|block=256|iters=0,NVIDIA GeForce GTX TITAN X,NVIDIA GeForce RTX 4070,0.036028,0.026545,0.020669068056736316,0.7786426090313172,0.22135739096868276
random_access,random_access|N=4194304|rows=0|cols=0|block=256|iters=0,NVIDIA GeForce GTX TITAN X,NVIDIA TITAN V,0.036028,0.060557,0.015147827578291521,0.25014164470319733,0.7498583552968027
random_access,random_access|N=8388608|rows=0|cols=0|block=256|iters=0,NVIDIA GeForce RTX 4070,NVIDIA TITAN V,0.15142,0.117917,0.11097181767502871,0.9411010937780704,0.05889890622192967
random_access,random_access|N=8388608|rows=0|cols=0|block=256|iters=0,NVIDIA TITAN V,NVIDIA GeForce RTX 4070,0.117917,0.15142,0.16089663586737657,1.0625851001675906,0.06258510016759061
reduce_sum,reduce_sum|N=1048576|rows=0|cols=0|block=256|iters=0,NVIDIA GeForce RTX 2080 Ti,NVIDIA GeForce RTX 4070,0.00013,0.013651,0.00015737684012707506,0.011528594251488907,0.9884714057485111
reduce_sum,reduce_sum|N=1048576|rows=0|cols=0|block=256|iters=0,NVIDIA GeForce RTX 2080 Ti,NVIDIA TITAN V,0.00013,0.008398,0.00011533743236596162,0.013733916690397908,0.9862660833096022
reduce_sum,reduce_sum|N=1048576|rows=0|cols=0|block=256|iters=0,NVIDIA GeForce RTX 2080 Ti,NVIDIA GeForce GTX TITAN X,0.00013,0.037699,0.0002743216472331631,0.007276629280170909,0.9927233707198291
reduce_sum,reduce_sum|N=1048576|rows=0|cols=0|block=256|iters=0,NVIDIA GeForce RTX 4070,NVIDIA GeForce RTX 2080 Ti,0.013651,0.00013,0.011276309770656611,86.74084438966625,85.74084438966625
reduce_sum,reduce_sum|N=1048576|rows=0|cols=0|block=256|iters=0,NVIDIA GeForce RTX 4070,NVIDIA TITAN V,0.013651,0.008398,0.010004466273159533,1.1912915305024452,0.19129153050244513
reduce_sum,reduce_sum|N=1048576|rows=0|cols=0|block=256|iters=0,NVIDIA GeForce RTX 4070,NVIDIA GeForce GTX TITAN X,0.013651,0.037699,0.023794891315368716,0.6311809680725938,0.36881903192740617
reduce_sum,reduce_sum|N=1048576|rows=0|cols=0|block=256|iters=0,NVIDIA TITAN V,NVIDIA GeForce RTX 2080 Ti,0.008398,0.00013,0.009465617342130065,72.8124410933082,71.8124410933082
reduce_sum,reduce_sum|N=1048576|rows=0|cols=0|block=256|iters=0,NVIDIA TITAN V,NVIDIA GeForce RTX 4070,0.008398,0.013651,0.011458991901203634,0.8394250898251875,0.1605749101748125
reduce_sum,reduce_sum|N=1048576|rows=0|cols=0|block=256|iters=0,NVIDIA TITAN V,NVIDIA GeForce GTX TITAN X,0.008398,0.037699,0.019974028779783954,0.5298291408202858,0.47017085917971424
reduce_sum,reduce_sum|N=1048576|rows=0|cols=0|block=256|iters=0,NVIDIA GeForce GTX TITAN X,NVIDIA GeForce RTX 2080 Ti,0.037699,0.00013,0.017865414740071337,137.42626723131798,136.42626723131798
reduce_sum,reduce_sum|N=1048576|rows=0|cols=0|block=256|iters=0,NVIDIA GeForce GTX TITAN X,NVIDIA GeForce RTX 4070,0.037699,0.013651,0.021627711687323824,1.5843316744065508,0.5843316744065508
reduce_sum,reduce_sum|N=1048576|rows=0|cols=0|block=256|iters=0,NVIDIA GeForce GTX TITAN X,NVIDIA TITAN V,0.037699,0.008398,0.015850392802098708,1.8874009052272815,0.8874009052272814
reduce_sum,reduce_sum|N=262144|rows=0|cols=0|block=256|iters=0,NVIDIA GeForce RTX 4070,NVIDIA TITAN V,0.009216,0.004031,0.006754169011313331,1.675556688492516,0.6755566884925159
reduce_sum,reduce_sum|N=262144|rows=0|cols=0|block=256|iters=0,NVIDIA GeForce RTX 4070,NVIDIA GeForce GTX TITAN X,0.009216,0.0378,0.016064297001130913,0.42498140214632046,0.5750185978536796
reduce_sum,reduce_sum|N=262144|rows=0|cols=0|block=256|iters=0,NVIDIA TITAN V,NVIDIA GeForce RTX 4070,0.004031,0.009216,0.005500261532954495,0.5968165725862082,0.4031834274137918
reduce_sum,reduce_sum|N=262144|rows=0|cols=0|block=256|iters=0,NVIDIA TITAN V,NVIDIA GeForce GTX TITAN X,0.004031,0.0378,0.009587438677221853,0.25363594384184796,0.746364056158152
reduce_sum,reduce_sum|N=262144|rows=0|cols=0|block=256|iters=0,NVIDIA GeForce GTX TITAN X,NVIDIA GeForce RTX 4070,0.0378,0.009216,0.021685654839142685,2.353044144872253,1.353044144872253
reduce_sum,reduce_sum|N=262144|rows=0|cols=0|block=256|iters=0,NVIDIA GeForce GTX TITAN X,NVIDIA TITAN V,0.0378,0.004031,0.015892857845548447,3.942658855258856,2.942658855258856
reduce_sum,reduce_sum|N=4194304|rows=0|cols=0|block=256|iters=0,NVIDIA GeForce RTX 4070,NVIDIA TITAN V,0.048086,0.030552,0.035240990785374654,1.1534757392437371,0.15347573924373706
reduce_sum,reduce_sum|N=4194304|rows=0|cols=0|block=256|iters=0,NVIDIA GeForce RTX 4070,NVIDIA GeForce GTX TITAN X,0.048086,0.037746,0.08381811909682955,2.220582819287595,1.2205828192875947
reduce_sum,reduce_sum|N=4194304|rows=0|cols=0|block=256|iters=0,NVIDIA TITAN V,NVIDIA GeForce RTX 4070,0.030552,0.048086,0.04168791623786299,0.8669449785356028,0.13305502146439724
reduce_sum,reduce_sum|N=4194304|rows=0|cols=0|block=256|iters=0,NVIDIA TITAN V,NVIDIA GeForce GTX TITAN X,0.030552,0.037746,0.07266569746129549,1.9251231246038119,0.925123124603812
reduce_sum,reduce_sum|N=4194304|rows=0|cols=0|block=256|iters=0,NVIDIA GeForce GTX TITAN X,NVIDIA GeForce RTX 4070,0.037746,0.048086,0.021654675332229634,0.45033222418645,0.54966777581355
reduce_sum,reduce_sum|N=4194304|rows=0|cols=0|block=256|iters=0,NVIDIA GeForce GTX TITAN X,NVIDIA TITAN V,0.037746,0.030552,0.015870153762911954,0.5194472951987417,0.4805527048012584
reduce_sum,reduce_sum|N=8388608|rows=0|cols=0|block=256|iters=0,NVIDIA GeForce RTX 4070,NVIDIA TITAN V,0.09398,0.056742,0.06887552123298903,1.2138366859291005,0.21383668592910057
reduce_sum,reduce_sum|N=8388608|rows=0|cols=0|block=256|iters=0,NVIDIA TITAN V,NVIDIA GeForce RTX 4070,0.056742,0.09398,0.077423924560383,0.8238340557606193,0.17616594423938073
saxpy,saxpy|N=1048576|rows=0|cols=0|block=256|iters=0,NVIDIA GeForce RTX 2080 Ti,NVIDIA GeForce RTX 4070,5.4e-05,0.009261,6.537191820663118e-05,0.007058840104376544,0.9929411598956236
saxpy,saxpy|N=1048576|rows=0|cols=0|block=256|iters=0,NVIDIA GeForce RTX 2080 Ti,NVIDIA TITAN V,5.4e-05,0.024558,4.7909394982784074e-05,0.0019508671301728185,0.9980491328698271
saxpy,saxpy|N=1048576|rows=0|cols=0|block=256|iters=0,NVIDIA GeForce RTX 2080 Ti,NVIDIA GeForce GTX TITAN X,5.4e-05,0.051077,0.00011394899192762161,0.002230925698996057,0.997769074301004
saxpy,saxpy|N=1048576|rows=0|cols=0|block=256|iters=0,NVIDIA GeForce RTX 4070,NVIDIA GeForce RTX 2080 Ti,0.009261,5.4e-05,0.007649982036924101,141.666334017113,140.666334017113
saxpy,saxpy|N=1048576|rows=0|cols=0|block=256|iters=0,NVIDIA GeForce RTX 4070,NVIDIA TITAN V,0.009261,0.024558,0.006787148352188883,0.27637219448606903,0.723627805513931
saxpy,saxpy|N=1048576|rows=0|cols=0|block=256|iters=0,NVIDIA GeForce RTX 4070,NVIDIA GeForce GTX TITAN X,0.009261,0.051077,0.016142735951331748,0.3160470652413366,0.6839529347586634
saxpy,saxpy|N=1048576|rows=0|cols=0|block=256|iters=0,NVIDIA TITAN V,NVIDIA GeForce RTX 2080 Ti,0.024558,5.4e-05,0.027679998891168154,512.5925720586696,511.5925720586696
saxpy,saxpy|N=1048576|rows=0|cols=0|block=256|iters=0,NVIDIA TITAN V,NVIDIA GeForce RTX 4070,0.024558,0.009261,0.033509159693946036,3.6183090048532596,2.6183090048532596
saxpy,saxpy|N=1048576|rows=0|cols=0|block=256|iters=0,NVIDIA TITAN V,NVIDIA GeForce GTX TITAN X,0.024558,0.051077,0.058409406855672114,1.1435559421201738,0.14355594212017378
saxpy,saxpy|N=1048576|rows=0|cols=0|block=256|iters=0,NVIDIA GeForce GTX TITAN X,NVIDIA GeForce RTX 2080 Ti,0.051077,5.4e-05,0.02420519877658886,448.2444217886826,447.24442178868264
saxpy,saxpy|N=1048576|rows=0|cols=0|block=256|iters=0,NVIDIA GeForce GTX TITAN X,NVIDIA GeForce RTX 4070,0.051077,0.009261,0.02930259767774844,3.1640857010850274,2.164085701085028
saxpy,saxpy|N=1048576|rows=0|cols=0|block=256|iters=0,NVIDIA GeForce GTX TITAN X,NVIDIA TITAN V,0.051077,0.024558,0.021475119052303655,0.8744653087508615,0.12553469124913855
saxpy,saxpy|N=262144|rows=0|cols=0|block=256|iters=0,NVIDIA GeForce RTX 4070,NVIDIA TITAN V,0.008749,0.004415,0.006411916740449256,1.4523027724686877,0.4523027724686877
saxpy,saxpy|N=262144|rows=0|cols=0|block=256|iters=0,NVIDIA GeForce RTX 4070,NVIDIA GeForce GTX TITAN X,0.008749,0.0509,0.015250275006824477,0.2996124755761194,0.7003875244238805
saxpy,saxpy|N=262144|rows=0|cols=0|block=256|iters=0,NVIDIA TITAN V,NVIDIA GeForce RTX 4070,0.004415,0.008749,0.006024225916148372,0.6885616546060547,0.3114383453939454
saxpy,saxpy|N=262144|rows=0|cols=0|block=256|iters=0,NVIDIA TITAN V,NVIDIA GeForce GTX TITAN X,0.004415,0.0509,0.010500754591896422,0.20630166192330887,0.7936983380766911
saxpy,saxpy|N=262144|rows=0|cols=0|block=256|iters=0,NVIDIA GeForce GTX TITAN X,NVIDIA GeForce RTX 4070,0.0509,0.008749,0.029201053738422304,3.337644729503064,2.337644729503064
saxpy,saxpy|N=262144|rows=0|cols=0|block=256|iters=0,NVIDIA GeForce GTX TITAN X,NVIDIA TITAN V,0.0509,0.004415,0.02140070011477292,4.847270694172802,3.847270694172802
saxpy,saxpy|N=4194304|rows=0|cols=0|block=256|iters=0,NVIDIA GeForce RTX 4070,NVIDIA TITAN V,0.108559,0.086258,0.07956009480242665,0.9223503304322689,0.07764966956773112
saxpy,saxpy|N=4194304|rows=0|cols=0|block=256|iters=0,NVIDIA GeForce RTX 4070,NVIDIA GeForce GTX TITAN X,0.108559,0.051189,0.18922786655227553,3.696650970956173,2.6966509709561732
saxpy,saxpy|N=4194304|rows=0|cols=0|block=256|iters=0,NVIDIA TITAN V,NVIDIA GeForce RTX 4070,0.086258,0.108559,0.11769822855608751,1.0841867422884102,0.08418674228841007
saxpy,saxpy|N=4194304|rows=0|cols=0|block=256|iters=0,NVIDIA TITAN V,NVIDIA GeForce GTX TITAN X,0.086258,0.051189,0.20515834418749754,4.00785997357826,3.0078599735782596
saxpy,saxpy|N=4194304|rows=0|cols=0|block=256|iters=0,NVIDIA GeForce GTX TITAN X,NVIDIA GeForce RTX 4070,0.051189,0.108559,0.029366851469864418,0.27051512513807624,0.7294848748619238
saxpy,saxpy|N=4194304|rows=0|cols=0|block=256|iters=0,NVIDIA GeForce GTX TITAN X,NVIDIA TITAN V,0.051189,0.086258,0.021522209001475653,0.24950971505803118,0.7504902849419688
saxpy,saxpy|N=8388608|rows=0|cols=0|block=256|iters=0,NVIDIA GeForce RTX 4070,NVIDIA TITAN V,0.224415,0.168407,0.16446797294638468,0.9766100752723146,0.02338992472768542
saxpy,saxpy|N=8388608|rows=0|cols=0|block=256|iters=0,NVIDIA TITAN V,NVIDIA GeForce RTX 4070,0.168407,0.224415,0.22978976531388431,1.0239501161414537,0.023950116141453606
shared_bank_conflict,shared_bank_conflict|N=0|rows=0|cols=0|block=1024|iters=0,NVIDIA GeForce RTX 2080 Ti,NVIDIA GeForce RTX 4070,0.000136,0.004916,,,
shared_bank_conflict,shared_bank_conflict|N=0|rows=0|cols=0|block=1024|iters=0,NVIDIA GeForce RTX 2080 Ti,NVIDIA TITAN V,0.000136,0.001354,,,
shared_bank_conflict,shared_bank_conflict|N=0|rows=0|cols=0|block=1024|iters=0,NVIDIA GeForce RTX 4070,NVIDIA GeForce RTX 2080 Ti,0.004916,0.000136,,,
shared_bank_conflict,shared_bank_conflict|N=0|rows=0|cols=0|block=1024|iters=0,NVIDIA GeForce RTX 4070,NVIDIA TITAN V,0.004916,0.001354,,,
shared_bank_conflict,shared_bank_conflict|N=0|rows=0|cols=0|block=1024|iters=0,NVIDIA TITAN V,NVIDIA GeForce RTX 2080 Ti,0.001354,0.000136,,,
shared_bank_conflict,shared_bank_conflict|N=0|rows=0|cols=0|block=1024|iters=0,NVIDIA TITAN V,NVIDIA GeForce RTX 4070,0.001354,0.004916,,,
shared_transpose,shared_transpose|N=0|rows=1024|cols=1024|block=1024|iters=0,NVIDIA GeForce RTX 4070,NVIDIA TITAN V,0.013152,0.017281,0.006425841351041154,0.3718443001586224,0.6281556998413775
shared_transpose,shared_transpose|N=0|rows=1024|cols=1024|block=1024|iters=0,NVIDIA GeForce RTX 4070,NVIDIA GeForce GTX TITAN X,0.013152,0.039154,0.015283393674687047,0.3903405443808307,0.6096594556191692
shared_transpose,shared_transpose|N=0|rows=1024|cols=1024|block=1024|iters=0,NVIDIA TITAN V,NVIDIA GeForce RTX 4070,0.017281,0.013152,0.03536964260145868,2.6892976430549482,1.6892976430549482
shared_transpose,shared_transpose|N=0|rows=1024|cols=1024|block=1024|iters=0,NVIDIA TITAN V,NVIDIA GeForce GTX TITAN X,0.017281,0.039154,0.041101594587216794,1.0497419059921538,0.049741905992153876
shared_transpose,shared_transpose|N=0|rows=1024|cols=1024|block=1024|iters=0,NVIDIA GeForce GTX TITAN X,NVIDIA GeForce RTX 4070,0.039154,0.013152,0.0336936559353886,2.5618655668634887,1.5618655668634887
shared_transpose,shared_transpose|N=0|rows=1024|cols=1024|block=1024|iters=0,NVIDIA GeForce GTX TITAN X,NVIDIA TITAN V,0.039154,0.017281,0.016462141695359894,0.9526151088108266,0.04738489118917348
shared_transpose,shared_transpose|N=0|rows=2048|cols=2048|block=1024|iters=0,NVIDIA GeForce RTX 2080 Ti,NVIDIA GeForce RTX 4070,0.000138,0.046822,0.00025059235312541953,0.005352021552377504,0.9946479784476225
shared_transpose,shared_transpose|N=0|rows=2048|cols=2048|block=1024|iters=0,NVIDIA GeForce RTX 2080 Ti,NVIDIA TITAN V,0.000138,0.062875,0.00012243512051155926,0.0019472782586331492,0.9980527217413668
shared_transpose,shared_transpose|N=0|rows=2048|cols=2048|block=1024|iters=0,NVIDIA GeForce RTX 2080 Ti,NVIDIA GeForce GTX TITAN X,0.000138,0.145273,0.00029120297937058843,0.002004522377665419,0.9979954776223346
shared_transpose,shared_transpose|N=0|rows=2048|cols=2048|block=1024|iters=0,NVIDIA GeForce RTX 4070,NVIDIA GeForce RTX 2080 Ti,0.046822,0.000138,0.025784649529054477,186.84528644242374,185.84528644242377
shared_transpose,shared_transpose|N=0|rows=2048|cols=2048|block=1024|iters=0,NVIDIA GeForce RTX 4070,NVIDIA TITAN V,0.046822,0.062875,0.02287642516259496,0.36383976401741486,0.6361602359825852
shared_transpose,shared_transpose|N=0|rows=2048|cols=2048|block=1024|iters=0,NVIDIA GeForce RTX 4070,NVIDIA GeForce GTX TITAN X,0.046822,0.145273,0.054409904093384816,0.3745355578351436,0.6254644421648565
shared_transpose,shared_transpose|N=0|rows=2048|cols=2048|block=1024|iters=0,NVIDIA TITAN V,NVIDIA GeForce RTX 2080 Ti,0.062875,0.000138,0.07086814603315404,513.5372900953191,512.5372900953191
shared_transpose,shared_transpose|N=0|rows=2048|cols=2048|block=1024|iters=0,NVIDIA TITAN V,NVIDIA GeForce RTX 4070,0.062875,0.046822,0.12868851794263725,2.7484626445396874,1.7484626445396874
shared_transpose,shared_transpose|N=0|rows=2048|cols=2048|block=1024|iters=0,NVIDIA TITAN V,NVIDIA GeForce GTX TITAN X,0.062875,0.145273,0.14954358889365515,1.0293969897617254,0.029396989761725452
shared_transpose,shared_transpose|N=0|rows=2048|cols=2048|block=1024|iters=0,NVIDIA GeForce GTX TITAN X,NVIDIA GeForce RTX 2080 Ti,0.145273,0.000138,0.06884432996987674,498.8719563034547,497.8719563034547
shared_transpose,shared_transpose|N=0|rows=2048|cols=2048|block=1024|iters=0,NVIDIA GeForce GTX TITAN X,NVIDIA GeForce RTX 4070,0.145273,0.046822,0.12501349743836415,2.6699734620128175,1.6699734620128175
shared_transpose,shared_transpose|N=0|rows=2048|cols=2048|block=1024|iters=0,NVIDIA GeForce GTX TITAN X,NVIDIA TITAN V,0.145273,0.062875,0.0610794480898508,0.9714425143515037,0.028557485648496198
shared_transpose,shared_transpose|N=0|rows=3072|cols=3072|block=1024|iters=0,NVIDIA GeForce RTX 4070,NVIDIA TITAN V,0.231908,0.148066,0.1133062664261901,0.7652416248577668,0.23475837514223322
shared_transpose,shared_transpose|N=0|rows=3072|cols=3072|block=1024|iters=0,NVIDIA TITAN V,NVIDIA GeForce RTX 4070,0.148066,0.231908,0.3030519936015034,1.3067767977021207,0.30677679770212074
shared_transpose,shared_transpose|N=0|rows=512|cols=512|block=1024|iters=0,NVIDIA GeForce RTX 4070,NVIDIA TITAN V,0.008164,0.003906,0.003988790206044707,1.0211956492689982,0.021195649268998213
shared_transpose,shared_transpose|N=0|rows=512|cols=512|block=1024|iters=0,NVIDIA GeForce RTX 4070,NVIDIA GeForce GTX TITAN X,0.008164,0.008741,0.009487045769475752,1.0853501623928328,0.08535016239283276
shared_transpose,shared_transpose|N=0|rows=512|cols=512|block=1024|iters=0,NVIDIA TITAN V,NVIDIA GeForce RTX 4070,0.003906,0.008164,0.007994550315450356,0.9792442816573196,0.02075571834268043
shared_transpose,shared_transpose|N=0|rows=512|cols=512|block=1024|iters=0,NVIDIA TITAN V,NVIDIA GeForce GTX TITAN X,0.003906,0.008741,0.009290135319580391,1.0628229401190243,0.06282294011902423
shared_transpose,shared_transpose|N=0|rows=512|cols=512|block=1024|iters=0,NVIDIA GeForce GTX TITAN X,NVIDIA GeForce RTX 4070,0.008741,0.008164,0.0075219963868629475,0.9213616348435753,0.07863836515642479
shared_transpose,shared_transpose|N=0|rows=512|cols=512|block=1024|iters=0,NVIDIA GeForce GTX TITAN X,NVIDIA TITAN V,0.008741,0.003906,0.0036751182652893922,0.9408904929056303,0.05910950709436967
strided_copy_8,strided_copy_8|N=1048576|rows=0|cols=0|block=256|iters=0,NVIDIA GeForce RTX 2080 Ti,NVIDIA GeForce RTX 4070,0.000109,0.009288,0.0001319544274911629,0.014206979704044241,0.9857930202959558
strided_copy_8,strided_copy_8|N=1048576|rows=0|cols=0|block=256|iters=0,NVIDIA GeForce RTX 2080 Ti,NVIDIA TITAN V,0.000109,0.015892,9.670600098376783e-05,0.006085200162582924,0.9939147998374172
strided_copy_8,strided_copy_8|N=1048576|rows=0|cols=0|block=256|iters=0,NVIDIA GeForce RTX 2080 Ti,NVIDIA GeForce GTX TITAN X,0.000109,0.036573,0.00023000815037242133,0.006289015130627002,0.993710984869373
strided_copy_8,strided_copy_8|N=1048576|rows=0|cols=0|block=256|iters=0,NVIDIA GeForce RTX 4070,NVIDIA GeForce RTX 2080 Ti,0.009288,0.000109,0.007672285191550701,70.38793753716239,69.38793753716239
strided_copy_8,strided_copy_8|N=1048576|rows=0|cols=0|block=256|iters=0,NVIDIA GeForce RTX 4070,NVIDIA TITAN V,0.009288,0.015892,0.006806935956714215,0.4283246889450173,0.5716753110549827
strided_copy_8,strided_copy_8|N=1048576|rows=0|cols=0|block=256|iters=0,NVIDIA GeForce RTX 4070,NVIDIA GeForce GTX TITAN X,0.009288,0.036573,0.016189799321452245,0.4426708041848425,0.5573291958151575
strided_copy_8,strided_copy_8|N=1048576|rows=0|cols=0|block=256|iters=0,NVIDIA TITAN V,NVIDIA GeForce RTX 2080 Ti,0.015892,0.000109,0.01791231135998226,164.3331317429565,163.33313174295648
strided_copy_8,strided_copy_8|N=1048576|rows=0|cols=0|block=256|iters=0,NVIDIA TITAN V,NVIDIA GeForce RTX 4070,0.015892,0.009288,0.02168448431697168,2.334677467374212,1.334677467374212
strided_copy_8,strided_copy_8|N=1048576|rows=0|cols=0|block=256|iters=0,NVIDIA TITAN V,NVIDIA GeForce GTX TITAN X,0.015892,0.036573,0.037797959677104864,1.0334935519947739,0.03349355199477382
strided_copy_8,strided_copy_8|N=1048576|rows=0|cols=0|block=256|iters=0,NVIDIA GeForce GTX TITAN X,NVIDIA GeForce RTX 2080 Ti,0.036573,0.000109,0.01733180756223319,159.00740882782745,158.00740882782742
strided_copy_8,strided_copy_8|N=1048576|rows=0|cols=0|block=256|iters=0,NVIDIA GeForce GTX TITAN X,NVIDIA GeForce RTX 4070,0.036573,0.009288,0.02098173159872925,2.2590150300096092,1.2590150300096092
strided_copy_8,strided_copy_8|N=1048576|rows=0|cols=0|block=256|iters=0,NVIDIA GeForce GTX TITAN X,NVIDIA TITAN V,0.036573,0.015892,0.015376970634530257,0.9675919100509852,0.0324080899490148
strided_copy_8,strided_copy_8|N=262144|rows=0|cols=0|block=256|iters=0,NVIDIA GeForce RTX 4070,NVIDIA TITAN V,0.008567,0.003612,0.0062785336284636815,1.7382429757651388,0.7382429757651388
strided_copy_8,strided_copy_8|N=262144|rows=0|cols=0|block=256|iters=0,NVIDIA GeForce RTX 4070,NVIDIA GeForce GTX TITAN X,0.008567,0.036574,0.014933033030456651,0.4082964135849688,0.5917035864150312
strided_copy_8,strided_copy_8|N=262144|rows=0|cols=0|block=256|iters=0,NVIDIA TITAN V,NVIDIA GeForce RTX 4070,0.003612,0.008567,0.004928539979417424,0.5752935659411024,0.42470643405889763
strided_copy_8,strided_copy_8|N=262144|rows=0|cols=0|block=256|iters=0,NVIDIA TITAN V,NVIDIA GeForce GTX TITAN X,0.003612,0.036574,0.008590877822407675,0.23489029973225992,0.7651097002677402
strided_copy_8,strided_copy_8|N=262144|rows=0|cols=0|block=256|iters=0,NVIDIA GeForce GTX TITAN X,NVIDIA GeForce RTX 4070,0.036574,0.008567,0.02098230529330171,2.4492010380882117,1.4492010380882117
strided_copy_8,strided_copy_8|N=262144|rows=0|cols=0|block=256|iters=0,NVIDIA GeForce GTX TITAN X,NVIDIA TITAN V,0.036574,0.003612,0.015377391080504997,4.25730650069352,3.2573065006935207
strided_copy_8,strided_copy_8|N=4194304|rows=0|cols=0|block=256|iters=0,NVIDIA GeForce RTX 4070,NVIDIA TITAN V,0.028536,0.059458,0.020913299360550912,0.3517323044931029,0.6482676955068971
strided_copy_8,strided_copy_8|N=4194304|rows=0|cols=0|block=256|iters=0,NVIDIA GeForce RTX 4070,NVIDIA GeForce GTX TITAN X,0.028536,0.036593,0.04974075295402255,1.3592969407816398,0.3592969407816399
strided_copy_8,strided_copy_8|N=4194304|rows=0|cols=0|block=256|iters=0,NVIDIA TITAN V,NVIDIA GeForce RTX 4070,0.059458,0.028536,0.0811298809790147,2.8430712426063467,1.8430712426063467
strided_copy_8,strided_copy_8|N=4194304|rows=0|cols=0|block=256|iters=0,NVIDIA TITAN V,NVIDIA GeForce GTX TITAN X,0.059458,0.036593,0.1414165043091682,3.8645780424990623,2.8645780424990623
strided_copy_8,strided_copy_8|N=4194304|rows=0|cols=0|block=256|iters=0,NVIDIA GeForce GTX TITAN X,NVIDIA GeForce RTX 4070,0.036593,0.028536,0.020993205490178534,0.7356744284475236,0.2643255715524763
strided_copy_8,strided_copy_8|N=4194304|rows=0|cols=0|block=256|iters=0,NVIDIA GeForce GTX TITAN X,NVIDIA TITAN V,0.036593,0.059458,0.015385379554025252,0.2587604620744938,0.7412395379255061
strided_copy_8,strided_copy_8|N=8388608|rows=0|cols=0|block=256|iters=0,NVIDIA GeForce RTX 4070,NVIDIA TITAN V,0.161892,0.115339,0.11864647673389082,1.028676134992421,0.028676134992420835
strided_copy_8,strided_copy_8|N=8388608|rows=0|cols=0|block=256|iters=0,NVIDIA TITAN V,NVIDIA GeForce RTX 4070,0.115339,0.161892,0.1573789791489552,0.97212326210656,0.02787673789344005
vector_add_divergent,vector_add_divergent|N=1048576|rows=0|cols=0|block=256|iters=0,NVIDIA GeForce RTX 2080 Ti,NVIDIA GeForce RTX 4070,0.000145,0.054217,0.0001755357062955837,0.0032376506685280206,0.996762349331472
vector_add_divergent,vector_add_divergent|N=1048576|rows=0|cols=0|block=256|iters=0,NVIDIA GeForce RTX 2080 Ti,NVIDIA TITAN V,0.000145,0.083487,0.00012864559763895722,0.001540905741480197,0.9984590942585198
vector_add_divergent,vector_add_divergent|N=1048576|rows=0|cols=0|block=256|iters=0,NVIDIA GeForce RTX 2080 Ti,NVIDIA GeForce GTX TITAN X,0.000145,0.166638,0.00030597414499083567,0.0018361606895836223,0.9981638393104163
vector_add_divergent,vector_add_divergent|N=1048576|rows=0|cols=0|block=256|iters=0,NVIDIA GeForce RTX 4070,NVIDIA GeForce RTX 2080 Ti,0.054217,0.000145,0.04478556053297851,308.8659347101966,307.86593471019665
vector_add_divergent,vector_add_divergent|N=1048576|rows=0|cols=0|block=256|iters=0,NVIDIA GeForce RTX 4070,NVIDIA TITAN V,0.054217,0.083487,0.03973424276110839,0.47593329214258967,0.5240667078574103
vector_add_divergent,vector_add_divergent|N=1048576|rows=0|cols=0|block=256|iters=0,NVIDIA GeForce RTX 4070,NVIDIA GeForce GTX TITAN X,0.054217,0.166638,0.09450499028974771,0.5671274876663649,0.43287251233363516
vector_add_divergent,vector_add_divergent|N=1048576|rows=0|cols=0|block=256|iters=0,NVIDIA TITAN V,NVIDIA GeForce RTX 2080 Ti,0.083487,0.000145,0.09410049952874647,648.968962267217,647.968962267217
vector_add_divergent,vector_add_divergent|N=1048576|rows=0|cols=0|block=256|iters=0,NVIDIA TITAN V,NVIDIA GeForce RTX 4070,0.083487,0.054217,0.11391722515548793,2.1011347945383907,1.1011347945383907
vector_add_divergent,vector_add_divergent|N=1048576|rows=0|cols=0|block=256|iters=0,NVIDIA TITAN V,NVIDIA GeForce GTX TITAN X,0.083487,0.166638,0.19856772335530162,1.1916112972749409,0.19161129727494097
vector_add_divergent,vector_add_divergent|N=1048576|rows=0|cols=0|block=256|iters=0,NVIDIA GeForce GTX TITAN X,NVIDIA GeForce RTX 2080 Ti,0.166638,0.000145,0.07896912335754283,544.6146438451229,543.6146438451229
vector_add_divergent,vector_add_divergent|N=1048576|rows=0|cols=0|block=256|iters=0,NVIDIA GeForce GTX TITAN X,NVIDIA GeForce RTX 4070,0.166638,0.054217,0.09559931616627142,1.763271965735312,0.7632719657353121
vector_add_divergent,vector_add_divergent|N=1048576|rows=0|cols=0|block=256|iters=0,NVIDIA GeForce GTX TITAN X,NVIDIA TITAN V,0.166638,0.083487,0.07006227634038367,0.8391998315951426,0.16080016840485742
vector_add_divergent,vector_add_divergent|N=262144|rows=0|cols=0|block=256|iters=0,NVIDIA GeForce RTX 4070,NVIDIA TITAN V,0.015429,0.022632,0.011307516674864734,0.49962516237472315,0.5003748376252769
vector_add_divergent,vector_add_divergent|N=262144|rows=0|cols=0|block=256|iters=0,NVIDIA GeForce RTX 4070,NVIDIA GeForce GTX TITAN X,0.015429,0.166626,0.026894101392192806,0.16140399092694302,0.838596009073057
vector_add_divergent,vector_add_divergent|N=262144|rows=0|cols=0|block=256|iters=0,NVIDIA TITAN V,NVIDIA GeForce RTX 4070,0.022632,0.015429,0.030881150834489238,2.001500475370357,1.001500475370357
vector_add_divergent,vector_add_divergent|N=262144|rows=0|cols=0|block=256|iters=0,NVIDIA TITAN V,NVIDIA GeForce GTX TITAN X,0.022632,0.166626,0.053828556721132466,0.3230501645669491,0.6769498354330509
vector_add_divergent,vector_add_divergent|N=262144|rows=0|cols=0|block=256|iters=0,NVIDIA GeForce GTX TITAN X,NVIDIA GeForce RTX 4070,0.166626,0.015429,0.09559243183140183,6.195633665914954,5.195633665914954
vector_add_divergent,vector_add_divergent|N=262144|rows=0|cols=0|block=256|iters=0,NVIDIA GeForce GTX TITAN X,NVIDIA TITAN V,0.166626,0.022632,0.07005723098868666,3.09549447634706,2.09549447634706
vector_add_divergent,vector_add_divergent|N=4194304|rows=0|cols=0|block=256|iters=0,NVIDIA GeForce RTX 4070,NVIDIA TITAN V,0.212675,0.319112,0.15586402934907365,0.48843048631538033,0.5115695136846197
vector_add_divergent,vector_add_divergent|N=4194304|rows=0|cols=0|block=256|iters=0,NVIDIA GeForce RTX 4070,NVIDIA GeForce GTX TITAN X,0.212675,0.16664,0.37071119408805525,2.2246231042250075,1.2246231042250073
vector_add_divergent,vector_add_divergent|N=4194304|rows=0|cols=0|block=256|iters=0,NVIDIA TITAN V,NVIDIA GeForce RTX 4070,0.319112,0.212675,0.4354253183587632,2.0473742487775395,1.0473742487775393
vector_add_divergent,vector_add_divergent|N=4194304|rows=0|cols=0|block=256|iters=0,NVIDIA TITAN V,NVIDIA GeForce GTX TITAN X,0.319112,0.16664,0.7589845525094567,4.554636056825832,3.5546360568258324
vector_add_divergent,vector_add_divergent|N=4194304|rows=0|cols=0|block=256|iters=0,NVIDIA GeForce GTX TITAN X,NVIDIA GeForce RTX 4070,0.16664,0.212675,0.09560046355541635,0.4495143460934118,0.5504856539065882
vector_add_divergent,vector_add_divergent|N=4194304|rows=0|cols=0|block=256|iters=0,NVIDIA GeForce GTX TITAN X,NVIDIA TITAN V,0.16664,0.319112,0.07006311723233317,0.21955651066814527,0.7804434893318548
vector_add_divergent,vector_add_divergent|N=8388608|rows=0|cols=0|block=256|iters=0,NVIDIA GeForce RTX 4070,NVIDIA TITAN V,0.421737,0.632452,0.3090801840629612,0.48870140985080485,0.5112985901491952
vector_add_divergent,vector_add_divergent|N=8388608|rows=0|cols=0|block=256|iters=0,NVIDIA TITAN V,NVIDIA GeForce RTX 4070,0.632452,0.421737,0.8629747970826434,2.0462392369714855,1.0462392369714855
vector_add,vector_add|N=1048576|rows=0|cols=0|block=256|iters=0,NVIDIA GeForce RTX 2080 Ti,NVIDIA GeForce RTX 4070,0.000102,0.009395,0.00012348028994585888,0.013143192117707172,0.9868568078822928
vector_add,vector_add|N=1048576|rows=0|cols=0|block=256|iters=0,NVIDIA GeForce RTX 2080 Ti,NVIDIA TITAN V,0.000102,0.024504,9.049552385636992e-05,0.003693091897501221,0.9963069081024988
vector_add,vector_add|N=1048576|rows=0|cols=0|block=256|iters=0,NVIDIA GeForce RTX 2080 Ti,NVIDIA GeForce GTX TITAN X,0.000102,0.050905,0.00021523698475217412,0.004228209110149771,0.9957717908898502
vector_add,vector_add|N=1048576|rows=0|cols=0|block=256|iters=0,NVIDIA GeForce RTX 4070,NVIDIA GeForce RTX 2080 Ti,0.009395,0.000102,0.007760671767293156,76.08501732640349,75.0850173264035
vector_add,vector_add|N=1048576|rows=0|cols=0|block=256|iters=0,NVIDIA GeForce RTX 4070,NVIDIA TITAN V,0.009395,0.024504,0.006885353500573865,0.2809889610093807,0.7190110389906194
vector_add,vector_add|N=1048576|rows=0|cols=0|block=256|iters=0,NVIDIA GeForce RTX 4070,NVIDIA GeForce GTX TITAN X,0.009395,0.050905,0.016376309714152014,0.3217033634054025,0.6782966365945975
vector_add,vector_add|N=1048576|rows=0|cols=0|block=256|iters=0,NVIDIA TITAN V,NVIDIA GeForce RTX 2080 Ti,0.024504,0.000102,0.027619134002328547,270.77582355224064,269.77582355224064
vector_add,vector_add|N=1048576|rows=0|cols=0|block=256|iters=0,NVIDIA TITAN V,NVIDIA GeForce RTX 4070,0.024504,0.009395,0.0334354772025594,3.558858669777477,2.558858669777477
vector_add,vector_add|N=1048576|rows=0|cols=0|block=256|iters=0,NVIDIA TITAN V,NVIDIA GeForce GTX TITAN X,0.024504,0.050905,0.05828097180517101,1.144896803951891,0.14489680395189095
vector_add,vector_add|N=1048576|rows=0|cols=0|block=256|iters=0,NVIDIA GeForce GTX TITAN X,NVIDIA GeForce RTX 2080 Ti,0.050905,0.000102,0.024123688621537208,236.50675119154127,235.50675119154124
vector_add,vector_add|N=1048576|rows=0|cols=0|block=256|iters=0,NVIDIA GeForce GTX TITAN X,NVIDIA GeForce RTX 4070,0.050905,0.009395,0.02920392221128462,3.108453668045196,2.108453668045196
vector_add,vector_add|N=1048576|rows=0|cols=0|block=256|iters=0,NVIDIA GeForce GTX TITAN X,NVIDIA TITAN V,0.050905,0.024504,0.021402802344646664,0.8734411665298181,0.1265588334701819
vector_add,vector_add|N=262144|rows=0|cols=0|block=256|iters=0,NVIDIA GeForce RTX 4070,NVIDIA TITAN V,0.009259,0.00429,0.006785682603705526,1.5817441966679546,0.5817441966679546
vector_add,vector_add|N=262144|rows=0|cols=0|block=256|iters=0,NVIDIA GeForce RTX 4070,NVIDIA GeForce GTX TITAN X,0.009259,0.050877,0.016139249775767264,0.3172209402238195,0.6827790597761805
vector_add,vector_add|N=262144|rows=0|cols=0|block=256|iters=0,NVIDIA TITAN V,NVIDIA GeForce RTX 4070,0.00429,0.009259,0.005853664593494116,0.6322134780747506,0.3677865219252494
vector_add,vector_add|N=262144|rows=0|cols=0|block=256|iters=0,NVIDIA TITAN V,NVIDIA GeForce GTX TITAN X,0.00429,0.050877,0.010203451234254963,0.2005513539370435,0.7994486460629564
vector_add,vector_add|N=262144|rows=0|cols=0|block=256|iters=0,NVIDIA GeForce GTX TITAN X,NVIDIA GeForce RTX 4070,0.050877,0.009259,0.029187858763255622,3.152377012987971,2.152377012987971
vector_add,vector_add|N=262144|rows=0|cols=0|block=256|iters=0,NVIDIA GeForce GTX TITAN X,NVIDIA TITAN V,0.050877,0.00429,0.021391029857353666,4.986254046003185,3.9862540460031846
vector_add,vector_add|N=4194304|rows=0|cols=0|block=256|iters=0,NVIDIA GeForce RTX 4070,NVIDIA TITAN V,0.108545,0.086179,0.07954983456304311,0.9230767885800846,0.07692321141991544
vector_add,vector_add|N=4194304|rows=0|cols=0|block=256|iters=0,NVIDIA GeForce RTX 4070,NVIDIA GeForce GTX TITAN X,0.108545,0.051178,0.1892034633233241,3.696968684265194,2.696968684265194
vector_add,vector_add|N=4194304|rows=0|cols=0|block=256|iters=0,NVIDIA TITAN V,NVIDIA GeForce RTX 4070,0.086179,0.108545,0.11759043380017004,1.0833334911803403,0.08333349118034025
vector_add,vector_add|N=4194304|rows=0|cols=0|block=256|iters=0,NVIDIA TITAN V,NVIDIA GeForce GTX TITAN X,0.086179,0.051178,0.20497044846546816,4.005049991509401,3.0050499915094018
vector_add,vector_add|N=4194304|rows=0|cols=0|block=256|iters=0,NVIDIA GeForce GTX TITAN X,NVIDIA GeForce RTX 4070,0.051178,0.108545,0.02936054082956732,0.2704918773740598,0.7295081226259402
vector_add,vector_add|N=4194304|rows=0|cols=0|block=256|iters=0,NVIDIA GeForce GTX TITAN X,NVIDIA TITAN V,0.051178,0.086179,0.021517584095753408,0.24968477350344523,0.7503152264965547
vector_add,vector_add|N=8388608|rows=0|cols=0|block=256|iters=0,NVIDIA GeForce RTX 4070,NVIDIA TITAN V,0.224427,0.168345,0.16447676743728482,0.9770219931526616,0.02297800684733838
vector_add,vector_add|N=8388608|rows=0|cols=0|block=256|iters=0,NVIDIA TITAN V,NVIDIA GeForce RTX 4070,0.168345,0.224427,0.2297051668978478,1.023518413104697,0.02351841310469696
